bank_name,mode,after_fully_disbursed_loan_amount,charge_type,part_payment_not_allowed_for_first,part_payment_not_allowed_for_first_basis,first_emi_must_have_commenced,requires_no_overdue,blocked_within_days_of_emi_due_date,minimum_part_payment_amount_flat_inr,minimum_part_payment_amount_of_emis,minimum_part_payment_percent,minimum_part_payment_percent_basis,whichever_is_lower,maximum_part_payment_month_inr,maximum_part_payment_percent,maximum_part_payment_percent_basis,maximum_part_payment_year_percent,maximum_part_payment_year_percent_basis,part_payment_allowed_in_a_calendar_month,part_payment_allowed_in_a_financial_year,part_payment_allowed_per_day,at_home_loan_branch,from_which_bank_account,per_part_prepayment_done_via,from_whose_account,part_payment_reflects_in_portal_days_min,part_payment_reflects_in_portal_days_max,requires_own_funds_proof,evidence_tier,community_source_url,source_url
HDFC Bank,digital,Yes,Floating,6,EMIs,,,,25000,3,,,Yes,2000000,,,25,Opening_FY_Outstanding_Principal,1,,,No,EMI_Auto_Debit_Account,Email_Payment_Link,Applicant,4,5,,Official,,https://www.reddit.com/media?url=https%3A%2F%2Fpreview.redd.it%2Fhdfc-home-loan-pre-part-payment-isnt-enabled-online-v0-8bm2nf6mnysg1.jpeg%3Fwidth%3D1440%26format%3Dpjpg%26auto%3Dwebp%26s%3D65e41d48708a3f703367b203b02523bd151f8e8f
HDFC Bank,offline,No,Floating,0,EMIs,,,,,,,,,,,,,,,,,Yes,Any_Bank_Account,Cheque,Co_Applicant,,,,Official,,https://www.reddit.com/media?url=https%3A%2F%2Fpreview.redd.it%2Fhdfc-home-loan-pre-part-payment-isnt-enabled-online-v0-8bm2nf6mnysg1.jpeg%3Fwidth%3D1440%26format%3Dpjpg%26auto%3Dwebp%26s%3D65e41d48708a3f703367b203b02523bd151f8e8f
State Bank of India,digital,No,Floating,0,EMIs,,,,,,,,,,,,,,,,,Yes,Any_Bank_Account,Yono_Netbanking_Or_Third_Party,Applicant,,,,Community,,
State Bank of India,offline,No,Floating,0,EMIs,,,,,,,,,,,,,,,,,Yes,Any_Bank_Account,Cash_Or_Cheque,Co_Applicant,,,,Community,,
Axis Bank,digital,Yes,Floating,,,Yes,Yes,5,,,2,Outstanding_Balance,,,75,Outstanding_Balance,,,,1,1,No,Own_Bank_Savings_Account,Mobile_Or_Internet_Banking,Primary_Account_Holder,,,,Official,,
Axis Bank,offline,,Floating,,,,,,,,,,,,,,,,,,,Yes,,Loan_Centre,,,,,Official,,
ICICI Bank,digital,,Floating,,,Yes,,,,1,,,,,,,,,,,,No,Own_Bank_Savings_Account,Mobile_Or_Internet_Banking,,1,1,,Official_Plus_Community,https://www.klearpay.in/prepayment/icici,https://www.icici.bank.in/personal-banking/loans/home-loan/faqs
ICICI Bank,digital,,Floating,,,Yes,,,,1,,,,,,,,,,,,Yes,,NEFT_With_Service_Request,,,,,Official,,https://www.icici.bank.in/personal-banking/loans/instant-balance-transfer-faqs
ICICI Bank,offline,,Floating,,,Yes,,,,1,,,,,,,,,,,,Yes,,Cash_Or_Cheque,,,,,Official_Plus_Community,https://www.reddit.com/r/india/comments/1dvvnju/icici_bank_refused_to_accept_my_cheque_for_part/,https://www.icici.bank.in/personal-banking/loans/home-loan/step-up-home-loans/faqs
Kotak Mahindra Bank,digital,,Floating,,,,,,,,,,,,,,,,,,,No,Own_Bank_Savings_Account,Mobile_Or_Internet_Banking,,1,2,Yes,Community,https://www.klearpay.in/prepayment/kotak,https://www.kotak.bank.in/en/personal-banking/loans/home-loan/fees-and-charges.html
Kotak Mahindra Bank,offline,,Floating,,,,,,,,,,,,,,,,,,,Yes,,,,,,Yes,Official,,https://www.kotak.bank.in/en/personal-banking/loans/home-loan/fees-and-charges.html
Canara Bank,digital,,Floating,,,,,,,,,,,,,,,,,,,No,Any_Bank_Account,NEFT_With_Branch_Confirmation,,2,4,,Community,https://www.klearpay.in/prepayment/canara,https://www.canarabank.bank.in/housing-loan
Canara Bank,offline,,Floating,,,,,,,,,,,,,,,,,,,Yes,,Cheque,,,,,Community,https://www.klearpay.in/prepayment/canara,https://www.canarabank.bank.in/housing-loan
Karnataka Bank,offline,,Floating,,,,,,,,,,,,,,,,,,,Yes,,Cheque,,,,,Official,,https://www.karnatakabank.bank.in/sites/default/files/2024-02/credit-service-charges-final.pdf
Karnataka Bank,digital,,Floating,,,,,,,,,,,,,,,,,,,No,,,,,,,Official,,https://www.karnatakabank.bank.in/loan-interest-rates
Central Bank of India,offline,,Floating,,,,,,,,,,,,,,,,,,,Yes,,Cheque,,,,,Official,,https://centralbank.bank.in/en/service-charges-fees
Central Bank of India,digital,,Floating,,,,,,,,,,,,,,,,,,,No,,,,,,,Official,,https://centralbank.bank.in/en/service-charges-fees
Punjab National Bank,digital,,Floating,,,,,,,,,,,,,,,,,,,No,Own_Bank_Savings_Account,Mobile_Or_Internet_Banking,,2,3,,Official_Plus_Community,https://www.klearpay.in/prepayment/pnb,https://www.pnbindia.in/FAQ.html
Punjab National Bank,offline,,Floating,,,,,,,,,,,,,,,,,,,Yes,,Cheque,,,,,Official_Plus_Community,https://www.klearpay.in/prepayment/pnb,https://www.pnbindia.in/FAQ.html
Union Bank of India,offline,,Floating,,,,,,,,,,,,,,,,,,,Yes,,Cheque,,,,,Official,,https://www.unionbankofindia.bank.in/en/details/home-loan-interest-rate
Union Bank of India,digital,,Floating,,,,,,,,,,,,,,,,,,,No,,,,,,,Official,,https://www.unionbankofindia.bank.in/en/details/home-loan-interest-rate
